,sets,units_to_order,item_type,supplier,time_interval
0,"(1, 1, 1)",30000.0,1,1,1
1,"(1, 1, 2)",0.0,1,1,2
2,"(1, 1, 3)",0.0,1,1,3
3,"(1, 1, 4)",0.0,1,1,4
4,"(1, 1, 5)",0.0,1,1,5
5,"(1, 1, 6)",0.0,1,1,6
6,"(1, 1, 7)",0.0,1,1,7
7,"(1, 1, 8)",0.0,1,1,8
8,"(1, 1, 9)",0.0,1,1,9
9,"(1, 1, 10)",0.0,1,1,10
10,"(1, 2, 1)",10000.0,1,2,1
11,"(1, 2, 2)",3333.3333333333335,1,2,2
12,"(1, 2, 3)",0.0,1,2,3
13,"(1, 2, 4)",0.0,1,2,4
14,"(1, 2, 5)",0.0,1,2,5
15,"(1, 2, 6)",0.0,1,2,6
16,"(1, 2, 7)",0.0,1,2,7
17,"(1, 2, 8)",0.0,1,2,8
18,"(1, 2, 9)",0.0,1,2,9
19,"(1, 2, 10)",0.0,1,2,10
20,"(1, 3, 1)",10000.0,1,3,1
21,"(1, 3, 2)",10000.0,1,3,2
22,"(1, 3, 3)",10000.0,1,3,3
23,"(1, 3, 4)",0.0,1,3,4
24,"(1, 3, 5)",0.0,1,3,5
25,"(1, 3, 6)",0.0,1,3,6
26,"(1, 3, 7)",0.0,1,3,7
27,"(1, 3, 8)",0.0,1,3,8
28,"(1, 3, 9)",0.0,1,3,9
29,"(1, 3, 10)",0.0,1,3,10
30,"(1, 4, 1)",10000.0,1,4,1
31,"(1, 4, 2)",10000.0,1,4,2
32,"(1, 4, 3)",5333.333333333333,1,4,3
33,"(1, 4, 4)",0.0,1,4,4
34,"(1, 4, 5)",0.0,1,4,5
35,"(1, 4, 6)",0.0,1,4,6
36,"(1, 4, 7)",0.0,1,4,7
37,"(1, 4, 8)",0.0,1,4,8
38,"(1, 4, 9)",0.0,1,4,9
39,"(1, 4, 10)",0.0,1,4,10
