,item_type,supplier,time_interval,units_to_order,expected_units_recieved
0,1,1,1,30000,1000
1,1,1,2,0,1000
2,1,1,3,0,0
3,1,1,4,0,9000
4,1,1,5,0,9000
5,1,1,6,0,6000
6,1,1,7,0,6000
7,1,1,8,0,0
8,1,1,9,0,0
9,1,1,10,0,0
10,1,2,1,10000,1000
11,1,2,2,3333,1000
12,1,2,3,0,0
13,1,2,4,0,3000
14,1,2,5,0,4000
15,1,2,6,0,3000
16,1,2,7,0,2667
17,1,2,8,0,667
18,1,2,9,0,0
19,1,2,10,0,0
20,1,3,1,10000,1000
21,1,3,2,10000,4000
22,1,3,3,10000,5000
23,1,3,4,0,7000
24,1,3,5,0,4000
25,1,3,6,0,2000
26,1,3,7,0,0
27,1,3,8,0,0
28,1,3,9,0,0
29,1,3,10,0,0
30,1,4,1,10000,1000
31,1,4,2,10000,1000
32,1,4,3,5333,0
33,1,4,4,0,3000
34,1,4,5,0,6000
35,1,4,6,0,6600
36,1,4,7,0,5600
37,1,4,8,0,3067
38,1,4,9,0,1067
39,1,4,10,0,0
